,time,x_accel,y_accel,z_accel,tester
0,14.957906694412232,0.05426666666666667,0.2562000000000001,-0.020433333333333338,3
1,14.95805996576945,0.050599999999999964,0.26860000000000006,-0.08329999999999999,3
2,14.957763300736746,0.11336666666666666,0.3180666666666667,-0.060399999999999954,3
3,14.958103244304658,0.05139999999999998,0.04306666666666665,-0.03420000000000001,3
4,14.957686622142791,0.03959999999999999,0.034499999999999996,-0.039666666666666656,3
5,14.958103408813477,0.027099999999999985,0.03620000000000001,-0.03320000000000001,3
6,14.955346652666728,0.0862,0.05109999999999997,-0.0709333333333333,3
7,14.957766559918722,0.03903333333333334,0.07609999999999997,-0.07393333333333335,3
8,14.957276575565338,0.07643333333333331,0.013099999999999987,-0.07270000000000003,3
