,time,x_accel,y_accel,z_accel,tester
0,8.67915967868153,0.891784387357169,0.5464707931437849,0.3160280440683727,3
1,8.679114158175764,0.977096736994253,0.5970613991720372,0.31172640971699883,3
2,8.679395474448144,1.0334840572278006,0.7113331933269041,0.3883140473007685,3
3,8.679313501248922,0.28811352741979035,0.27303434717635006,0.1577613879198412,3
4,8.679131538365546,0.28374556410718005,0.28069565398706137,0.1705878746143476,3
5,8.679097282638274,0.26283746901280436,0.2544839883655712,0.14282070055969193,3
6,8.679025976052374,0.2797123940968138,0.5760380683490381,0.7217160399793218,3
7,8.679242197562537,0.28141317810577765,0.5197463267279118,0.7616391377435235,3
8,8.679091999767687,0.3177738392819578,0.5479552046969853,0.6334824729053371,3
